{
    "name" : "quadTexture",
    "materials" : [
        {
            "diffuseTexture":["webGLprimitives.png"],
            "diffuseReflectance": [0.6,0.6,0.6,1],
            "ambientReflectance": [0,0,0,1],
            "specularReflectance": [0.4,0.4,0.4,1],
            "shininess": 10,
            "emissionColor": [0,0,0,1]
        }
    ],
    "meshes": [
        {
            "vertexPositions" : [],
            "vertexNormals" : [],
            "vertexTexCoordinates" : [[]],
            "indices" : [],
            "materialIndex" : 0
        }
    ],
    "nodes" : [
        {
            "modelMatrix" : [1,0,0,0,0,1,0,0,0,0,1,0,0,0,0,1],
            "meshIndices" : [0]
        }
    ]

}